1,72,336,24,337,22,338,18,0,0,0,0,0,0,0,0,0,0,0,0,339,8,,,0,0,0,0,0,0,0,0,0,0,0,0,0,0,0,0,0,0,0,0,0,0,164,4sbwy_1
1,72,336,24,337,22,338,18,0,0,0,0,0,0,0,0,0,0,0,0,339,8,,,0,0,0,0,0,0,0,0,0,0,0,0,0,0,0,0,0,0,0,0,0,0,166,4sbwy_3
1,72,340,24,341,22,342,18,0,0,0,0,0,0,343,4,343,4,0,0,0,0,,,0,0,0,0,0,0,0,0,0,0,0,0,0,0,0,0,0,0,0,0,0,0,167,4sbwy_4
1,72,340,24,341,22,342,18,0,0,0,0,0,0,343,4,343,4,0,0,0,0,,,0,0,0,0,0,0,0,0,0,0,0,0,0,0,0,0,0,0,0,0,0,0,168,4sbwy_5
1,72,340,24,341,22,342,18,0,0,0,0,0,0,343,4,343,4,0,0,0,0,,,0,0,0,0,0,0,0,0,0,0,0,0,0,0,0,0,0,0,0,0,0,0,169,4sbwy_6
1,128,788,18,789,17,790,15,791,14,0,0,0,0,0,0,0,0,0,0,0,0,,,0,0,0,0,0,0,0,0,0,0,0,0,0,0,0,0,0,0,0,0,0,0,620,anfrst_1
1,128,788,18,789,17,790,15,791,14,0,0,0,0,0,0,0,0,0,0,0,0,,,0,0,0,0,0,0,0,0,0,0,0,0,0,0,0,0,0,0,0,0,0,0,621,anfrst_2
1,128,788,18,789,17,790,15,791,14,0,0,0,0,792,2,792,2,793,8,794,4,,,0,0,0,0,0,0,0,0,0,0,0,0,0,0,0,0,0,0,0,0,0,0,622,anfrst_3
1,128,788,18,789,17,790,15,791,14,0,0,0,0,792,2,792,2,793,8,794,4,,,0,0,0,0,0,0,0,0,0,0,0,0,0,0,0,0,0,0,0,0,0,0,623,anfrst_4
1,48,976,24,977,22,978,18,0,0,0,0,0,0,979,4,979,4,0,0,0,0,,,0,0,0,0,0,0,0,0,0,0,0,0,0,0,0,0,0,0,0,0,0,0,624,anfrst_5
1,192,416,24,417,22,416,18,0,0,0,0,0,0,0,0,0,0,0,0,418,8,,,0,0,0,0,0,0,0,0,0,0,0,0,0,0,0,0,0,0,0,0,0,0,234,blin1
1,192,416,24,417,22,419,18,0,0,0,0,0,0,0,0,0,0,0,0,0,0,,,0,0,0,0,0,0,0,0,0,0,0,0,0,0,0,0,0,0,0,0,0,0,235,blin2
1,192,419,24,417,22,416,18,0,0,0,0,0,0,0,0,0,0,0,0,418,8,,,0,0,0,0,0,0,0,0,0,0,0,0,0,0,0,0,0,0,0,0,0,0,237,blin3_1
1,192,419,24,420,22,421,18,0,0,0,0,0,0,0,0,0,0,0,0,0,0,,,0,0,0,0,0,0,0,0,0,0,0,0,0,0,0,0,0,0,0,0,0,0,238,blin59
1,192,424,18,425,17,426,15,427,14,0,0,0,0,0,0,0,0,0,0,0,0,,,0,0,0,0,0,0,0,0,0,0,0,0,0,0,0,0,0,0,0,0,0,0,245,blin63_1
1,240,424,15,425,14,426,13,427,12,428,10,0,0,429,4,429,4,0,0,0,0,,,0,0,0,0,0,0,0,0,0,0,0,0,0,0,0,0,0,0,0,0,0,0,248,blin65_1
1,192,444,24,445,22,446,18,0,0,0,0,0,0,447,4,447,4,0,0,0,0,,,0,0,0,0,0,0,0,0,0,0,0,0,0,0,0,0,0,0,0,0,0,0,257,blin671b
1,192,444,24,445,22,446,18,0,0,0,0,0,0,447,4,447,4,0,0,0,0,,,0,0,0,0,0,0,0,0,0,0,0,0,0,0,0,0,0,0,0,0,0,0,260,blin673b
1,192,432,18,436,17,437,15,438,14,0,0,0,0,439,4,439,4,0,0,0,0,,,0,0,0,0,0,0,0,0,0,0,0,0,0,0,0,0,0,0,0,0,0,0,256,blin67_1
1,192,432,18,436,17,437,15,438,14,0,0,0,0,439,4,439,4,0,0,0,0,,,0,0,0,0,0,0,0,0,0,0,0,0,0,0,0,0,0,0,0,0,0,0,259,blin67_3
1,192,433,18,440,17,441,15,442,14,0,0,0,0,443,4,443,4,0,0,0,0,,,1,128,448,24,449,22,450,18,0,0,0,0,0,0,0,0,0,0,0,0,451,0,262,blin68_1
1,192,433,18,440,17,441,15,442,14,0,0,0,0,443,4,443,4,0,0,0,0,,,1,128,448,24,449,22,450,18,0,0,0,0,0,0,0,0,0,0,0,0,451,0,263,blin68_2
1,192,452,18,453,17,449,15,450,14,0,0,0,0,454,2,454,2,0,0,455,4,,,0,0,0,0,0,0,0,0,0,0,0,0,0,0,0,0,0,0,0,0,0,0,264,blin69_1
1,48,848,15,849,14,850,13,852,12,853,10,0,0,851,2,851,2,0,0,854,4,,,0,0,0,0,0,0,0,0,0,0,0,0,0,0,0,0,0,0,0,0,0,0,740,canon_1
1,128,368,24,368,22,369,18,0,0,0,0,0,0,370,3,370,3,0,0,371,6,,,0,0,0,0,0,0,0,0,0,0,0,0,0,0,0,0,0,0,0,0,0,0,184,chrin_2
1,128,368,24,368,22,369,18,0,0,0,0,0,0,370,3,370,3,0,0,371,6,,,0,0,0,0,0,0,0,0,0,0,0,0,0,0,0,0,0,0,0,0,0,0,185,chrin_3a
1,128,368,24,368,22,369,18,0,0,0,0,0,0,370,3,370,3,0,0,371,6,,,0,0,0,0,0,0,0,0,0,0,0,0,0,0,0,0,0,0,0,0,0,0,186,chrin_3b
1,72,388,18,389,17,390,15,391,14,0,0,0,0,0,0,0,0,0,0,0,0,,,0,0,0,0,0,0,0,0,0,0,0,0,0,0,0,0,0,0,0,0,0,0,212,colne_b1
1,72,388,18,389,17,390,15,391,14,0,0,0,0,0,0,0,0,0,0,0,0,,,0,0,0,0,0,0,0,0,0,0,0,0,0,0,0,0,0,0,0,0,0,0,213,colne_b3
1,32,720,24,721,22,722,18,0,0,0,0,0,0,0,0,0,0,723,8,0,0,,,0,0,0,0,0,0,0,0,0,0,0,0,0,0,0,0,0,0,0,0,0,0,700,crater_1
1,48,604,24,605,22,606,18,0,0,0,0,0,0,607,4,607,4,0,0,0,0,,,0,0,0,0,0,0,0,0,0,0,0,0,0,0,0,0,0,0,0,0,0,0,592,datiao_1
1,48,608,18,609,17,610,15,606,14,0,0,0,0,611,4,611,4,0,0,0,0,,,0,0,0,0,0,0,0,0,0,0,0,0,0,0,0,0,0,0,0,0,0,0,593,datiao_2
1,48,608,24,609,22,610,18,0,0,0,0,0,0,611,6,611,6,0,0,0,0,,,0,0,0,0,0,0,0,0,0,0,0,0,0,0,0,0,0,0,0,0,0,0,594,datiao_3
1,48,612,24,613,22,614,18,0,0,0,0,0,0,0,0,0,0,0,0,615,8,,,0,0,0,0,0,0,0,0,0,0,0,0,0,0,0,0,0,0,0,0,0,0,595,datiao_4
1,48,612,18,613,17,614,15,605,14,0,0,0,0,0,0,0,0,0,0,615,8,,,0,0,0,0,0,0,0,0,0,0,0,0,0,0,0,0,0,0,0,0,0,0,596,datiao_5
1,48,616,18,617,17,609,15,614,14,0,0,0,0,607,2,611,2,0,0,618,4,,,0,0,0,0,0,0,0,0,0,0,0,0,0,0,0,0,0,0,0,0,0,0,598,datiao_7
1,240,524,22,524,21,524,17,256,4,0,0,0,0,0,0,0,0,0,0,0,0,,,0,0,0,0,0,0,0,0,0,0,0,0,0,0,0,0,0,0,0,0,0,0,481,desert1
1,48,700,18,701,17,702,15,703,14,0,0,0,0,704,4,704,4,0,0,0,0,,,0,0,0,0,0,0,0,0,0,0,0,0,0,0,0,0,0,0,0,0,0,0,689,gaia_1
1,48,700,18,701,17,702,15,703,14,0,0,0,0,704,4,704,4,0,0,0,0,,,0,0,0,0,0,0,0,0,0,0,0,0,0,0,0,0,0,0,0,0,0,0,692,gaia_2
1,48,700,18,701,17,702,15,703,14,0,0,0,0,704,4,704,4,0,0,0,0,,,0,0,0,0,0,0,0,0,0,0,0,0,0,0,0,0,0,0,0,0,0,0,694,gaia_31
1,48,705,18,706,17,707,15,708,14,0,0,0,0,709,2,709,2,0,0,710,4,,,0,0,0,0,0,0,0,0,0,0,0,0,0,0,0,0,0,0,0,0,0,0,690,gaiin_1
1,48,705,18,706,17,707,15,708,14,0,0,0,0,709,2,709,2,0,0,710,4,,,0,0,0,0,0,0,0,0,0,0,0,0,0,0,0,0,0,0,0,0,0,0,691,gaiin_2
1,48,705,18,706,17,707,15,708,14,0,0,0,0,709,2,709,2,0,0,710,4,,,0,0,0,0,0,0,0,0,0,0,0,0,0,0,0,0,0,0,0,0,0,0,693,gaiin_3
1,48,700,18,701,17,702,15,703,14,0,0,0,0,704,4,704,4,0,0,0,0,,,0,0,0,0,0,0,0,0,0,0,0,0,0,0,0,0,0,0,0,0,0,0,696,gaiin_4
1,48,711,18,712,17,713,15,714,14,0,0,0,0,715,4,715,4,0,0,0,0,,,0,0,0,0,0,0,0,0,0,0,0,0,0,0,0,0,0,0,0,0,0,0,698,gaiin_6
1,48,711,18,712,17,713,15,714,14,0,0,0,0,715,4,715,4,0,0,0,0,,,0,0,0,0,0,0,0,0,0,0,0,0,0,0,0,0,0,0,0,0,0,0,699,gaiin_7
1,48,540,24,541,22,542,18,0,0,0,0,0,0,0,0,0,0,0,0,0,0,,,0,0,0,0,0,0,0,0,0,0,0,0,0,0,0,0,0,0,0,0,0,0,546,gidun_1
1,48,543,24,544,22,545,18,0,0,0,0,0,0,546,4,546,4,0,0,0,0,,,0,0,0,0,0,0,0,0,0,0,0,0,0,0,0,0,0,0,0,0,0,0,547,gidun_2
1,72,548,18,547,17,542,15,545,14,0,0,0,0,546,2,546,2,549,8,552,4,,,0,0,0,0,0,0,0,0,0,0,0,0,0,0,0,0,0,0,0,0,0,0,548,gidun_4
1,48,536,34,536,30,0,0,0,0,0,0,0,0,537,4,537,4,0,0,0,0,,,0,0,0,0,0,0,0,0,0,0,0,0,0,0,0,0,0,0,0,0,0,0,517,gnmk
1,48,536,34,536,30,0,0,0,0,0,0,0,0,537,4,537,4,0,0,0,0,,,0,0,0,0,0,0,0,0,0,0,0,0,0,0,0,0,0,0,0,0,0,0,516,gnmkf
1,48,528,24,529,22,530,18,0,0,0,0,0,0,0,0,0,0,0,0,531,8,,,0,0,0,0,0,0,0,0,0,0,0,0,0,0,0,0,0,0,0,0,0,0,514,gonjun1
1,48,532,18,529,17,530,15,528,14,0,0,0,0,0,0,0,0,533,8,0,0,,,0,0,0,0,0,0,0,0,0,0,0,0,0,0,0,0,0,0,0,0,0,0,515,gonjun2
1,128,672,15,673,14,674,13,675,12,676,10,0,0,0,0,0,0,0,0,0,0,,,0,0,0,0,0,0,0,0,0,0,0,0,0,0,0,0,0,0,0,0,0,0,658,hyou1
1,72,696,14,692,12,693,11,694,10,695,9,697,8,698,2,698,2,0,0,691,4,,,0,0,0,0,0,0,0,0,0,0,0,0,0,0,0,0,0,0,0,0,0,0,681,hyou11
1,128,684,15,685,14,686,13,687,12,688,10,0,0,689,2,689,2,690,8,691,4,,,0,0,0,0,0,0,0,0,0,0,0,0,0,0,0,0,0,0,0,0,0,0,682,hyou12
1,72,696,14,692,12,693,11,694,10,695,9,697,8,698,2,698,2,0,0,691,4,,,0,0,0,0,0,0,0,0,0,0,0,0,0,0,0,0,0,0,0,0,0,0,683,hyou13_1
1,72,696,14,692,12,693,11,694,10,695,9,697,8,698,2,698,2,0,0,691,4,,,0,0,0,0,0,0,0,0,0,0,0,0,0,0,0,0,0,0,0,0,0,0,684,hyou13_2
1,128,672,15,673,14,674,13,675,12,676,10,0,0,0,0,0,0,0,0,0,0,,,0,0,0,0,0,0,0,0,0,0,0,0,0,0,0,0,0,0,0,0,0,0,659,hyou2
1,128,672,15,673,14,674,13,675,12,676,10,0,0,0,0,0,0,0,0,0,0,,,0,0,0,0,0,0,0,0,0,0,0,0,0,0,0,0,0,0,0,0,0,0,660,hyou3
1,128,684,15,685,14,686,13,687,12,688,10,0,0,689,2,689,2,690,8,691,4,,,0,0,0,0,0,0,0,0,0,0,0,0,0,0,0,0,0,0,0,0,0,0,663,hyou4
1,128,684,15,685,14,686,13,687,12,688,10,0,0,689,2,689,2,690,8,691,4,,,0,0,0,0,0,0,0,0,0,0,0,0,0,0,0,0,0,0,0,0,0,0,664,hyou5_1
1,128,684,15,685,14,686,13,687,12,688,10,0,0,689,2,689,2,690,8,691,4,,,0,0,0,0,0,0,0,0,0,0,0,0,0,0,0,0,0,0,0,0,0,0,666,hyou5_3
1,128,684,15,685,14,686,13,687,12,688,10,0,0,689,2,689,2,690,8,691,4,,,0,0,0,0,0,0,0,0,0,0,0,0,0,0,0,0,0,0,0,0,0,0,667,hyou5_4
1,72,696,14,692,12,693,11,694,10,695,9,697,8,698,2,698,2,0,0,691,4,,,0,0,0,0,0,0,0,0,0,0,0,0,0,0,0,0,0,0,0,0,0,0,668,hyou6
1,128,684,15,685,14,686,13,687,12,688,10,0,0,689,2,689,2,690,8,691,4,,,0,0,0,0,0,0,0,0,0,0,0,0,0,0,0,0,0,0,0,0,0,0,676,hyou7
1,72,696,14,692,12,693,11,694,10,695,9,697,8,698,2,698,2,0,0,691,4,,,0,0,0,0,0,0,0,0,0,0,0,0,0,0,0,0,0,0,0,0,0,0,677,hyou8_1
1,72,696,14,692,12,693,11,694,10,695,9,697,8,698,2,698,2,0,0,691,4,,,0,0,0,0,0,0,0,0,0,0,0,0,0,0,0,0,0,0,0,0,0,0,678,hyou8_2
1,128,684,15,685,14,686,13,687,12,688,10,0,0,689,2,689,2,690,8,691,4,,,0,0,0,0,0,0,0,0,0,0,0,0,0,0,0,0,0,0,0,0,0,0,679,hyou9
1,128,680,24,681,22,682,18,0,0,0,0,0,0,0,0,0,0,0,0,683,8,,,0,0,0,0,0,0,0,0,0,0,0,0,0,0,0,0,0,0,0,0,0,0,661,icedun_1
1,128,680,24,681,22,682,18,0,0,0,0,0,0,0,0,0,0,0,0,683,8,,,0,0,0,0,0,0,0,0,0,0,0,0,0,0,0,0,0,0,0,0,0,0,662,icedun_2
1,72,516,24,517,22,518,18,0,0,0,0,0,0,0,0,0,0,0,0,519,8,,,0,0,0,0,0,0,0,0,0,0,0,0,0,0,0,0,0,0,0,0,0,0,471,jail1
1,128,516,24,517,22,518,18,0,0,0,0,0,0,0,0,0,0,0,0,519,8,,,0,0,0,0,0,0,0,0,0,0,0,0,0,0,0,0,0,0,0,0,0,0,473,jail2
1,128,521,18,522,17,523,15,516,14,0,0,0,0,0,0,0,0,0,0,0,0,,,0,0,0,0,0,0,0,0,0,0,0,0,0,0,0,0,0,0,0,0,0,0,478,jail3
1,128,521,18,522,17,523,15,517,14,0,0,0,0,0,0,0,0,0,0,0,0,,,0,0,0,0,0,0,0,0,0,0,0,0,0,0,0,0,0,0,0,0,0,0,479,jail4
1,72,520,34,520,30,0,0,0,0,0,0,0,0,0,0,0,0,0,0,0,0,,,0,0,0,0,0,0,0,0,0,0,0,0,0,0,0,0,0,0,0,0,0,0,472,jailin1
1,48,744,24,745,22,746,18,0,0,0,0,0,0,0,0,0,0,0,0,747,8,,,1,48,940,24,941,22,942,18,0,0,0,0,0,0,0,0,0,0,0,0,0,0,384,junair
1,48,748,24,749,22,750,18,0,0,0,0,0,0,751,4,751,4,752,8,0,0,,,1,48,944,34,945,30,0,0,0,0,0,0,0,0,0,0,0,0,0,0,946,0,389,junin2
1,48,748,24,749,22,750,18,0,0,0,0,0,0,751,4,751,4,752,8,0,0,,,0,0,0,0,0,0,0,0,0,0,0,0,0,0,0,0,0,0,0,0,0,0,390,junin3
1,48,748,24,749,22,750,18,0,0,0,0,0,0,751,4,751,4,752,8,0,0,,,0,0,0,0,0,0,0,0,0,0,0,0,0,0,0,0,0,0,0,0,0,0,392,junin4
1,48,753,18,756,17,754,15,757,14,0,0,0,0,755,2,751,2,0,0,760,4,,,0,0,0,0,0,0,0,0,0,0,0,0,0,0,0,0,0,0,0,0,0,0,393,junin5
1,48,753,18,756,17,754,15,757,14,0,0,0,0,755,2,751,2,0,0,760,4,,,0,0,0,0,0,0,0,0,0,0,0,0,0,0,0,0,0,0,0,0,0,0,394,junin6
1,48,744,24,745,22,746,18,0,0,0,0,0,0,0,0,0,0,0,0,747,8,,,1,48,940,24,941,22,942,18,0,0,0,0,0,0,0,0,0,0,0,0,0,0,411,junone2
1,48,761,34,762,30,0,0,0,0,0,0,0,0,0,0,0,0,0,0,0,0,,,0,0,0,0,0,0,0,0,0,0,0,0,0,0,0,0,0,0,0,0,0,0,404,junsbd1
1,128,632,15,633,14,634,13,635,12,636,10,0,0,637,4,638,4,639,8,0,0,,,0,0,0,0,0,0,0,0,0,0,0,0,0,0,0,0,0,0,0,0,0,0,604,kuro_1
1,40,640,24,641,22,642,18,0,0,0,0,0,0,0,0,0,0,0,0,643,8,,,0,0,0,0,0,0,0,0,0,0,0,0,0,0,0,0,0,0,0,0,0,0,611,kuro_8
1,40,640,24,641,22,642,18,0,0,0,0,0,0,0,0,0,0,0,0,643,8,,,0,0,0,0,0,0,0,0,0,0,0,0,0,0,0,0,0,0,0,0,0,0,612,kuro_82
1,32,868,18,870,17,873,15,869,14,0,0,0,0,0,0,0,0,0,0,0,0,,,0,0,0,0,0,0,0,0,0,0,0,0,0,0,0,0,0,0,0,0,0,0,747,las0_4
1,24,948,18,870,17,873,15,869,14,0,0,0,0,875,4,950,4,0,0,0,0,,,0,0,0,0,0,0,0,0,0,0,0,0,0,0,0,0,0,0,0,0,0,0,748,las0_5
1,24,948,15,870,14,873,13,874,12,949,10,0,0,875,4,950,4,0,0,0,0,,,0,0,0,0,0,0,0,0,0,0,0,0,0,0,0,0,0,0,0,0,0,0,749,las0_6
1,32,949,14,870,12,873,11,948,10,874,9,872,8,875,4,950,4,0,0,0,0,,,0,0,0,0,0,0,0,0,0,0,0,0,0,0,0,0,0,0,0,0,0,0,750,las0_7
1,40,949,14,870,12,873,11,948,10,874,9,872,8,875,4,950,4,0,0,0,0,,,0,0,0,0,0,0,0,0,0,0,0,0,0,0,0,0,0,0,0,0,0,0,751,las0_8
1,32,876,14,877,12,878,11,879,10,880,9,881,8,882,2,882,2,0,0,883,4,,,0,0,0,0,0,0,0,0,0,0,0,0,0,0,0,0,0,0,0,0,0,0,752,las1_1
1,32,876,14,877,12,878,11,879,10,880,9,881,8,882,2,882,2,0,0,883,4,,,0,0,0,0,0,0,0,0,0,0,0,0,0,0,0,0,0,0,0,0,0,0,753,las1_2
1,24,876,14,877,12,878,11,879,10,880,9,881,8,882,2,882,2,0,0,883,4,,,0,0,0,0,0,0,0,0,0,0,0,0,0,0,0,0,0,0,0,0,0,0,754,las1_3
1,24,876,14,877,12,878,11,879,10,880,9,881,8,882,2,882,2,0,0,883,4,,,0,0,0,0,0,0,0,0,0,0,0,0,0,0,0,0,0,0,0,0,0,0,755,las1_4
1,32,892,18,893,17,894,15,896,14,0,0,0,0,895,4,895,4,0,0,0,0,,,0,0,0,0,0,0,0,0,0,0,0,0,0,0,0,0,0,0,0,0,0,0,756,las2_1
1,24,884,15,885,13,886,12,889,11,891,9,890,4,0,0,0,0,887,8,888,8,,,0,0,0,0,0,0,0,0,0,0,0,0,0,0,0,0,0,0,0,0,0,0,757,las2_2
1,32,884,15,885,13,886,12,889,11,891,9,890,4,0,0,0,0,887,8,888,8,,,0,0,0,0,0,0,0,0,0,0,0,0,0,0,0,0,0,0,0,0,0,0,758,las2_3
1,32,892,18,893,17,894,15,896,14,0,0,0,0,895,4,895,4,0,0,0,0,,,0,0,0,0,0,0,0,0,0,0,0,0,0,0,0,0,0,0,0,0,0,0,759,las2_4
1,32,892,18,893,17,894,15,896,14,0,0,0,0,895,4,895,4,0,0,0,0,,,0,0,0,0,0,0,0,0,0,0,0,0,0,0,0,0,0,0,0,0,0,0,760,las3_1
1,32,892,18,893,17,894,15,896,14,0,0,0,0,895,4,895,4,0,0,0,0,,,0,0,0,0,0,0,0,0,0,0,0,0,0,0,0,0,0,0,0,0,0,0,761,las3_2
1,32,892,18,893,17,894,15,896,14,0,0,0,0,895,4,895,4,0,0,0,0,,,0,0,0,0,0,0,0,0,0,0,0,0,0,0,0,0,0,0,0,0,0,0,762,las3_3
1,128,301,24,302,22,303,18,0,0,0,0,0,0,304,4,304,4,0,0,0,0,,,0,0,0,0,0,0,0,0,0,0,0,0,0,0,0,0,0,0,0,0,0,0,116,md1stin
1,128,301,24,302,22,303,18,0,0,0,0,0,0,304,4,304,4,0,0,0,0,,,0,0,0,0,0,0,0,0,0,0,0,0,0,0,0,0,0,0,0,0,0,0,117,md1_1
1,128,301,24,302,22,303,18,0,0,0,0,0,0,304,4,304,4,0,0,0,0,,,0,0,0,0,0,0,0,0,0,0,0,0,0,0,0,0,0,0,0,0,0,0,118,md1_2
1,48,836,18,837,17,838,15,839,14,0,0,0,0,0,0,0,0,0,0,0,0,,,0,0,0,0,0,0,0,0,0,0,0,0,0,0,0,0,0,0,0,0,0,0,739,md8_32
1,48,820,14,822,12,823,11,824,10,825,9,826,8,827,2,828,2,0,0,829,4,,,0,0,0,0,0,0,0,0,0,0,0,0,0,0,0,0,0,0,0,0,0,0,733,md8_b1
1,48,821,14,822,12,823,11,824,10,825,9,826,8,827,2,828,2,0,0,829,4,,,0,0,0,0,0,0,0,0,0,0,0,0,0,0,0,0,0,0,0,0,0,0,734,md8_b2
1,128,376,24,377,22,378,18,0,0,0,0,0,0,379,4,379,4,0,0,0,0,,,0,0,0,0,0,0,0,0,0,0,0,0,0,0,0,0,0,0,0,0,0,0,173,mds5_2
1,128,376,24,377,22,378,18,0,0,0,0,0,0,379,4,379,4,0,0,0,0,,,0,0,0,0,0,0,0,0,0,0,0,0,0,0,0,0,0,0,0,0,0,0,172,mds5_3
1,72,380,24,381,22,380,18,0,0,0,0,0,0,0,0,0,0,382,8,383,8,,,0,0,0,0,0,0,0,0,0,0,0,0,0,0,0,0,0,0,0,0,0,0,191,mds6_1
1,192,396,15,397,14,397,13,398,12,399,10,0,0,0,0,0,0,0,0,0,0,,,1,192,392,18,393,17,394,15,395,14,0,0,0,0,0,0,0,0,0,0,0,0,144,mds7st1
1,128,400,15,401,14,397,13,398,12,399,10,0,0,0,0,0,0,0,0,0,0,,,1,128,392,18,393,17,394,15,395,14,0,0,0,0,0,0,0,0,0,0,0,0,145,mds7st2
1,128,672,17,673,16,674,15,675,12,676,4,0,0,677,2,677,2,0,0,678,4,,,0,0,0,0,0,0,0,0,0,0,0,0,0,0,0,0,0,0,0,0,0,0,675,move_d
1,128,672,17,673,16,674,15,675,12,676,4,0,0,677,2,677,2,0,0,678,4,,,0,0,0,0,0,0,0,0,0,0,0,0,0,0,0,0,0,0,0,0,0,0,672,move_f
1,128,672,15,673,14,674,13,675,12,676,10,0,0,0,0,0,0,0,0,0,0,,,0,0,0,0,0,0,0,0,0,0,0,0,0,0,0,0,0,0,0,0,0,0,671,move_i
1,128,672,17,673,16,674,15,675,12,676,4,0,0,677,2,677,2,0,0,678,4,,,0,0,0,0,0,0,0,0,0,0,0,0,0,0,0,0,0,0,0,0,0,0,673,move_r
1,128,672,15,673,14,674,13,675,12,676,10,0,0,0,0,0,0,0,0,0,0,,,0,0,0,0,0,0,0,0,0,0,0,0,0,0,0,0,0,0,0,0,0,0,670,move_s
1,128,672,17,673,16,674,15,675,12,676,4,0,0,677,2,677,2,0,0,678,4,,,0,0,0,0,0,0,0,0,0,0,0,0,0,0,0,0,0,0,0,0,0,0,674,move_u
1,48,492,24,493,22,494,18,0,0,0,0,0,0,495,4,495,4,0,0,0,0,,,0,0,0,0,0,0,0,0,0,0,0,0,0,0,0,0,0,0,0,0,0,0,458,mtcrl_0
1,48,492,24,493,22,494,18,0,0,0,0,0,0,495,4,495,4,0,0,0,0,,,0,0,0,0,0,0,0,0,0,0,0,0,0,0,0,0,0,0,0,0,0,0,459,mtcrl_1
1,72,496,18,497,17,498,15,499,14,0,0,0,0,0,0,0,0,0,0,0,0,,,0,0,0,0,0,0,0,0,0,0,0,0,0,0,0,0,0,0,0,0,0,0,460,mtcrl_2
1,72,500,18,501,17,502,15,503,14,0,0,0,0,0,0,0,0,0,0,0,0,,,0,0,0,0,0,0,0,0,0,0,0,0,0,0,0,0,0,0,0,0,0,0,461,mtcrl_3
1,72,504,34,505,30,0,0,0,0,0,0,0,0,506,2,506,2,0,0,507,4,,,0,0,0,0,0,0,0,0,0,0,0,0,0,0,0,0,0,0,0,0,0,0,462,mtcrl_4
1,72,508,24,509,22,510,18,0,0,0,0,0,0,0,0,0,0,511,8,0,0,,,0,0,0,0,0,0,0,0,0,0,0,0,0,0,0,0,0,0,0,0,0,0,464,mtcrl_6
1,72,513,34,513,30,0,0,0,0,0,0,0,0,0,0,0,0,0,0,515,12,,,0,0,0,0,0,0,0,0,0,0,0,0,0,0,0,0,0,0,0,0,0,0,467,mtcrl_9
1,128,580,18,581,17,582,15,583,14,0,0,0,0,0,0,0,0,0,0,0,0,,,1,192,580,18,581,17,582,15,583,14,0,0,0,0,0,0,0,0,0,0,0,0,311,mtnvl2
1,72,584,24,585,22,586,18,0,0,0,0,0,0,0,0,0,0,0,0,587,8,,,1,128,584,34,585,30,0,0,0,0,0,0,0,0,0,0,0,0,0,0,0,0,312,mtnvl3
1,72,580,18,581,17,582,15,583,14,0,0,0,0,0,0,0,0,0,0,0,0,,,1,72,580,18,581,17,582,15,583,14,0,0,0,0,0,0,0,0,0,0,0,0,313,mtnvl4
1,128,588,15,589,14,590,13,591,12,592,10,0,0,0,0,0,0,0,0,0,0,,,1,192,588,24,589,22,590,18,0,0,0,0,0,0,0,0,0,0,0,0,0,0,314,mtnvl5
1,128,588,15,589,14,590,13,591,12,592,10,0,0,593,4,593,4,0,0,0,0,,,1,72,588,24,589,22,590,18,0,0,0,0,0,0,0,0,0,0,0,0,0,0,315,mtnvl6
1,128,588,15,589,14,590,13,591,12,592,10,0,0,593,2,593,2,0,0,594,4,,,1,72,588,24,589,22,590,18,0,0,0,0,0,0,0,0,0,0,0,0,0,0,316,mtnvl6b
1,48,310,18,311,17,312,15,313,14,0,0,0,0,0,0,0,0,0,0,0,0,,,0,0,0,0,0,0,0,0,0,0,0,0,0,0,0,0,0,0,0,0,0,0,120,nmkin_1
1,128,308,14,309,12,310,11,311,10,312,9,313,8,314,4,315,4,0,0,0,0,,,0,0,0,0,0,0,0,0,0,0,0,0,0,0,0,0,0,0,0,0,0,0,122,nmkin_2
1,72,316,24,317,22,318,18,0,0,0,0,0,0,319,4,319,4,0,0,0,0,,,0,0,0,0,0,0,0,0,0,0,0,0,0,0,0,0,0,0,0,0,0,0,123,nmkin_3
1,72,320,24,321,22,322,18,0,0,0,0,0,0,323,4,323,4,0,0,0,0,,,0,0,0,0,0,0,0,0,0,0,0,0,0,0,0,0,0,0,0,0,0,0,124,nmkin_4
1,48,305,18,306,17,307,15,307,14,0,0,0,0,0,0,0,0,0,0,0,0,,,0,0,0,0,0,0,0,0,0,0,0,0,0,0,0,0,0,0,0,0,0,0,119,nrthmk
1,72,596,18,597,17,598,15,599,14,0,0,0,0,0,0,0,0,0,0,0,0,,,0,0,0,0,0,0,0,0,0,0,0,0,0,0,0,0,0,0,0,0,0,0,317,nvdun1
1,72,596,18,597,17,598,15,599,14,0,0,0,0,0,0,0,0,0,0,0,0,,,1,72,596,24,597,22,598,18,0,0,0,0,0,0,0,0,0,0,0,0,0,0,318,nvdun2
1,72,596,18,597,17,598,15,599,14,0,0,0,0,0,0,0,0,0,0,0,0,,,1,128,596,24,597,22,598,18,0,0,0,0,0,0,0,0,0,0,0,0,0,0,321,nvdun4
1,72,404,24,405,22,406,18,0,0,0,0,0,0,407,4,407,4,0,0,0,0,,,0,0,0,0,0,0,0,0,0,0,0,0,0,0,0,0,0,0,0,0,0,0,158,pillar_1
1,72,404,24,405,22,406,18,0,0,0,0,0,0,407,3,407,3,0,0,408,6,,,0,0,0,0,0,0,0,0,0,0,0,0,0,0,0,0,0,0,0,0,0,0,159,pillar_2
1,48,472,24,473,22,474,18,0,0,0,0,0,0,475,4,475,4,0,0,0,0,,,0,0,0,0,0,0,0,0,0,0,0,0,0,0,0,0,0,0,0,0,0,0,349,psdun_1
1,48,472,24,473,22,474,18,0,0,0,0,0,0,475,4,475,4,0,0,0,0,,,0,0,0,0,0,0,0,0,0,0,0,0,0,0,0,0,0,0,0,0,0,0,350,psdun_2
1,40,476,24,477,22,478,18,0,0,0,0,0,0,0,0,0,0,471,8,0,0,,,0,0,0,0,0,0,0,0,0,0,0,0,0,0,0,0,0,0,0,0,0,0,351,psdun_3
1,40,476,18,477,17,478,15,479,14,0,0,0,0,0,0,0,0,0,0,0,0,,,0,0,0,0,0,0,0,0,0,0,0,0,0,0,0,0,0,0,0,0,0,0,352,psdun_4
1,48,796,24,797,22,798,18,0,0,0,0,0,0,0,0,0,0,0,0,799,8,,,0,0,0,0,0,0,0,0,0,0,0,0,0,0,0,0,0,0,0,0,0,0,89,q_2
1,40,800,24,801,22,802,18,0,0,0,0,0,0,803,4,803,4,0,0,0,0,,,0,0,0,0,0,0,0,0,0,0,0,0,0,0,0,0,0,0,0,0,0,0,90,q_3
1,48,804,18,800,17,801,15,802,14,0,0,0,0,0,0,0,0,0,0,0,0,,,0,0,0,0,0,0,0,0,0,0,0,0,0,0,0,0,0,0,0,0,0,0,91,q_4
1,72,664,15,668,14,669,13,665,12,666,10,0,0,667,2,667,2,0,0,670,4,,,0,0,0,0,0,0,0,0,0,0,0,0,0,0,0,0,0,0,0,0,0,0,628,sandun_1
1,72,664,15,668,14,669,13,665,12,666,10,0,0,667,2,667,2,0,0,670,4,,,0,0,0,0,0,0,0,0,0,0,0,0,0,0,0,0,0,0,0,0,0,0,629,sandun_2
1,72,656,24,657,22,658,18,0,0,0,0,0,0,0,0,0,0,0,0,0,0,,,0,0,0,0,0,0,0,0,0,0,0,0,0,0,0,0,0,0,0,0,0,0,625,sango1
1,72,659,34,659,30,0,0,0,0,0,0,0,0,0,0,0,0,0,0,0,0,,,0,0,0,0,0,0,0,0,0,0,0,0,0,0,0,0,0,0,0,0,0,0,626,sango2
1,72,660,24,661,22,662,18,0,0,0,0,0,0,663,4,663,4,0,0,0,0,,,0,0,0,0,0,0,0,0,0,0,0,0,0,0,0,0,0,0,0,0,0,0,627,sango3
1,48,772,18,773,17,774,15,776,14,0,0,0,0,775,4,775,4,0,0,0,0,,,0,0,0,0,0,0,0,0,0,0,0,0,0,0,0,0,0,0,0,0,0,0,421,semkin_2
1,48,776,18,777,17,772,15,773,14,0,0,0,0,778,4,775,4,0,0,0,0,,,0,0,0,0,0,0,0,0,0,0,0,0,0,0,0,0,0,0,0,0,0,0,424,semkin_4
1,48,772,18,773,17,774,15,776,14,0,0,0,0,775,4,775,4,0,0,0,0,,,0,0,0,0,0,0,0,0,0,0,0,0,0,0,0,0,0,0,0,0,0,0,422,semkin_8
1,40,484,24,485,22,486,18,0,0,0,0,0,0,487,4,487,4,0,0,0,0,,,0,0,0,0,0,0,0,0,0,0,0,0,0,0,0,0,0,0,0,0,0,0,439,shpin_2
1,40,484,24,485,22,486,18,0,0,0,0,0,0,487,4,487,4,0,0,0,0,,,0,0,0,0,0,0,0,0,0,0,0,0,0,0,0,0,0,0,0,0,0,0,440,shpin_3
1,192,416,24,417,22,416,18,0,0,0,0,0,0,0,0,0,0,0,0,0,0,,,0,0,0,0,0,0,0,0,0,0,0,0,0,0,0,0,0,0,0,0,0,0,227,sinbil_1
1,48,556,24,557,22,558,18,0,0,0,0,0,0,0,0,0,0,0,0,0,0,,,0,0,0,0,0,0,0,0,0,0,0,0,0,0,0,0,0,0,0,0,0,0,297,sinin1_1
1,48,556,24,557,22,558,18,0,0,0,0,0,0,0,0,0,0,0,0,0,0,,,0,0,0,0,0,0,0,0,0,0,0,0,0,0,0,0,0,0,0,0,0,0,298,sinin1_2
1,48,558,18,560,17,561,15,562,14,0,0,0,0,559,2,559,2,0,0,563,4,,,0,0,0,0,0,0,0,0,0,0,0,0,0,0,0,0,0,0,0,0,0,0,299,sinin2_1
1,48,558,18,560,17,561,15,562,14,0,0,0,0,559,2,559,2,0,0,563,4,,,0,0,0,0,0,0,0,0,0,0,0,0,0,0,0,0,0,0,0,0,0,0,300,sinin2_2
1,40,558,24,564,22,565,18,0,0,0,0,0,0,566,2,566,2,0,0,563,4,,,0,0,0,0,0,0,0,0,0,0,0,0,0,0,0,0,0,0,0,0,0,0,301,sinin3
1,40,567,15,568,14,569,13,572,12,573,10,0,0,570,2,574,2,0,0,571,4,,,0,0,0,0,0,0,0,0,0,0,0,0,0,0,0,0,0,0,0,0,0,0,302,sininb1
1,40,567,15,568,14,569,13,572,12,573,10,0,0,570,2,574,2,0,0,571,4,,,0,0,0,0,0,0,0,0,0,0,0,0,0,0,0,0,0,0,0,0,0,0,303,sininb2
1,72,344,15,345,14,346,13,347,12,348,10,0,0,349,2,350,2,0,0,351,4,,,0,0,0,0,0,0,0,0,0,0,0,0,0,0,0,0,0,0,0,0,0,0,128,smkin_1
1,128,352,18,353,17,354,15,355,14,0,0,0,0,0,0,0,0,0,0,0,0,,,0,0,0,0,0,0,0,0,0,0,0,0,0,0,0,0,0,0,0,0,0,0,129,smkin_2
1,72,352,18,353,17,354,15,355,14,0,0,0,0,0,0,0,0,0,0,0,0,,,0,0,0,0,0,0,0,0,0,0,0,0,0,0,0,0,0,0,0,0,0,0,130,smkin_3
1,72,356,24,357,22,358,18,0,0,0,0,0,0,359,4,359,4,0,0,0,0,,,0,0,0,0,0,0,0,0,0,0,0,0,0,0,0,0,0,0,0,0,0,0,131,smkin_4
1,72,356,24,357,22,358,18,0,0,0,0,0,0,359,4,359,4,0,0,0,0,,,0,0,0,0,0,0,0,0,0,0,0,0,0,0,0,0,0,0,0,0,0,0,132,smkin_5
1,48,764,24,765,22,766,18,0,0,0,0,0,0,0,0,0,0,0,0,767,8,,,0,0,0,0,0,0,0,0,0,0,0,0,0,0,0,0,0,0,0,0,0,0,418,spipe_1
1,48,764,24,765,22,766,18,0,0,0,0,0,0,0,0,0,0,0,0,767,8,,,0,0,0,0,0,0,0,0,0,0,0,0,0,0,0,0,0,0,0,0,0,0,419,spipe_2
1,48,724,18,725,17,726,15,727,14,0,0,0,0,728,4,728,4,0,0,0,0,,,0,0,0,0,0,0,0,0,0,0,0,0,0,0,0,0,0,0,0,0,0,0,704,trnad_3
1,48,730,15,731,14,732,13,733,12,736,10,0,0,734,2,734,2,0,0,735,4,,,0,0,0,0,0,0,0,0,0,0,0,0,0,0,0,0,0,0,0,0,0,0,705,trnad_4
1,48,732,18,737,17,738,15,739,14,0,0,0,0,0,0,0,0,0,0,0,0,,,0,0,0,0,0,0,0,0,0,0,0,0,0,0,0,0,0,0,0,0,0,0,706,trnad_51
1,72,332,24,333,22,334,18,0,0,0,0,0,0,335,4,335,4,0,0,0,0,,,0,0,0,0,0,0,0,0,0,0,0,0,0,0,0,0,0,0,0,0,0,0,161,tunnel_1
1,72,830,18,831,17,832,15,833,14,0,0,0,0,834,4,835,4,0,0,0,0,,,0,0,0,0,0,0,0,0,0,0,0,0,0,0,0,0,0,0,0,0,0,0,736,tunnel_4
1,128,830,18,831,17,832,15,833,14,0,0,0,0,834,4,835,4,0,0,0,0,,,0,0,0,0,0,0,0,0,0,0,0,0,0,0,0,0,0,0,0,0,0,0,737,tunnel_5
1,72,830,18,831,17,832,15,833,14,0,0,0,0,834,4,835,4,0,0,0,0,,,0,0,0,0,0,0,0,0,0,0,0,0,0,0,0,0,0,0,0,0,0,0,778,tunnel_6